"Status","Start Time","Stop Time","Duration in ms","Parent Suite","Suite","Sub Suite","Test Class","Test Method","Name","Description"
"broken","Sat Oct 10 00:18:23 UTC 2026","Sat Oct 10 00:18:33 UTC 2026","10340","tests","test_05_order","","","","test_order_confirmation[chromium]",""
"broken","Sat Oct 10 00:18:41 UTC 2026","Sat Oct 10 00:18:41 UTC 2026","0","tests","test_01_register","","","","test_create_account[chromium]",""
"passed","Sat Oct 10 00:17:38 UTC 2026","Sat Oct 10 00:17:39 UTC 2026","1638","tests.loginsuite","test_08_excel_data_login_password","","","","test_excel_data[chromium-user_list16]",""
"passed","Sat Oct 10 00:19:07 UTC 2026","Sat Oct 10 00:19:12 UTC 2026","4905","tests","test_02_home_validation","","","","test_icon_click[chromium]",""
"passed","Sat Oct 10 00:18:09 UTC 2026","Sat Oct 10 00:18:30 UTC 2026","21203","tests","test_03","","","","test_sub_product_page[chromium]",""
"passed","Sat Oct 10 00:17:33 UTC 2026","Sat Oct 10 00:17:35 UTC 2026","1898","tests","test_02_home_validation","","","","test_search_keywords[chromium]",""
"passed","Sat Oct 10 00:17:49 UTC 2026","Sat Oct 10 00:17:49 UTC 2026","27","tests","test_07_absolue_eye_special_product","","","","test_model_number_absolue_eye[chromium]",""
"broken","Sat Oct 10 00:17:50 UTC 2026","Sat Oct 10 00:18:20 UTC 2026","30474","tests","test_04_shopping","","","","test_orderconfirmation_page[chromium]",""
"passed","Sat Oct 10 00:19:22 UTC 2026","Sat Oct 10 00:19:23 UTC 2026","737","tests","test_05_order","","","","test_date_added_excel[chromium]",""
"passed","Sat Oct 10 00:19:18 UTC 2026","Sat Oct 10 00:19:19 UTC 2026","741","tests","test_05_order","","","","test_export_order_excel[chromium]",""
"passed","Sat Oct 10 00:17:17 UTC 2026","Sat Oct 10 00:17:19 UTC 2026","1600","tests.loginsuite","test_08_excel_data_login_password","","","","test_excel_data[chromium-user_list12]",""
"passed","Sat Oct 10 00:17:06 UTC 2026","Sat Oct 10 00:17:08 UTC 2026","2190","tests","test_06_special_products","","","","test_click_absolue_eye[chromium]",""
"passed","Sat Oct 10 00:17:21 UTC 2026","Sat Oct 10 00:17:25 UTC 2026","3877","tests","test_04_shopping","","","","test_remove_product[chromium]",""
"passed","Sat Oct 10 00:17:20 UTC 2026","Sat Oct 10 00:17:23 UTC 2026","2960","tests","test_02_home_validation","","","","test_sub_accessories_click[chromium]",""
"passed","Sat Oct 10 00:17:08 UTC 2026","Sat Oct 10 00:17:16 UTC 2026","7153","tests.loginsuite","test_09_forgot_login_name","","","","test_excel_data[chromium-user_list11]",""
"passed","Sat Oct 10 00:17:28 UTC 2026","Sat Oct 10 00:17:32 UTC 2026","3159","tests","test_04_shopping","","","","test_extract_cart_detail[chromium]",""
"broken","Sat Oct 10 00:19:15 UTC 2026","Sat Oct 10 00:19:54 UTC 2026","38607","tests","test_02_home_validation","","","","test_women_footwear[chromium]",""
"passed","Sat Oct 10 00:17:50 UTC 2026","Sat Oct 10 00:17:51 UTC 2026","1539","tests.loginsuite","test_08_excel_data_login_password","","","","test_excel_data[chromium-user_list18]",""
"passed","Sat Oct 10 00:18:02 UTC 2026","Sat Oct 10 00:18:36 UTC 2026","34028","tests","test_02_home_validation","","","","test_brand_click[chromium]",""
"passed","Sat Oct 10 00:17:52 UTC 2026","Sat Oct 10 00:17:55 UTC 2026","3083","tests","test_02_home_validation","","","","test_abante_review[chromium]",""
"passed","Sat Oct 10 00:17:13 UTC 2026","Sat Oct 10 00:17:14 UTC 2026","1520","tests.loginsuite","test_08_excel_data_login_password","","","","test_excel_data[chromium-user_list11]",""
"passed","Sat Oct 10 00:17:24 UTC 2026","Sat Oct 10 00:17:25 UTC 2026","1087","tests","test_06_special_products","","","","test_click_creme_nuit[chromium]",""
"passed","Sat Oct 10 00:20:00 UTC 2026","Sat Oct 10 00:20:00 UTC 2026","498","tests","test_02_home_validation","","","","test_special_link[chromium]",""
"broken","Sat Oct 10 00:17:39 UTC 2026","Sat Oct 10 00:18:17 UTC 2026","38046","tests","test_05_order","","","","test_delivery_payment_information[chromium]",""
"passed","Sat Oct 10 00:17:20 UTC 2026","Sat Oct 10 00:17:28 UTC 2026","7517","tests.loginsuite","test_09_forgot_login_name","","","","test_excel_data[chromium-user_list12]",""
"passed","Sat Oct 10 00:18:34 UTC 2026","Sat Oct 10 00:18:35 UTC 2026","720","tests.loginsuite","test_02_login_incorrect_login_password","","","","test_incorrect_login_details[chromium]",""
"passed","Sat Oct 10 00:17:06 UTC 2026","Sat Oct 10 00:17:18 UTC 2026","12153","tests","test_04_shopping","","","","test_shoppingcart_page[chromium]",""
"passed","Sat Oct 10 00:17:04 UTC 2026","Sat Oct 10 00:17:11 UTC 2026","7060","tests","test_02_home_validation","","","","test_home_validation[chromium]",""
"passed","Sat Oct 10 00:18:25 UTC 2026","Sat Oct 10 00:18:25 UTC 2026","709","tests.loginsuite","test_04_incorrect_login_correct_password","","","","test_incorrect_login_correct_password[chromium]",""
"passed","Sat Oct 10 00:18:35 UTC 2026","Sat Oct 10 00:18:36 UTC 2026","964","tests.loginsuite","test_06_empty_login_correct_password","","","","test_correct_login_empty_password[chromium]",""
"passed","Sat Oct 10 00:17:46 UTC 2026","Sat Oct 10 00:17:48 UTC 2026","2219","tests","test_02_home_validation","","","","test_contribute_abante[chromium]",""
"passed","Sat Oct 10 00:18:20 UTC 2026","Sat Oct 10 00:18:20 UTC 2026","478","tests","test_08_replinishing_lip","","","","test_click_lancome_brand[chromium]",""
"passed","Sat Oct 10 00:18:24 UTC 2026","Sat Oct 10 00:18:25 UTC 2026","1628","tests.loginsuite","test_08_excel_data_login_password","","","","test_excel_data[chromium-user_list114]",""
"passed","Sat Oct 10 00:17:31 UTC 2026","Sat Oct 10 00:17:38 UTC 2026","6955","tests.loginsuite","test_09_forgot_login_name","","","","test_excel_data[chromium-user_list13]",""
"passed","Sat Oct 10 00:17:44 UTC 2026","Sat Oct 10 00:17:46 UTC 2026","1887","tests.loginsuite","test_08_excel_data_login_password","","","","test_excel_data[chromium-user_list17]",""
"passed","Sat Oct 10 00:17:55 UTC 2026","Sat Oct 10 00:18:00 UTC 2026","5371","tests","test_08_replinishing_lip","","","","test_input_quantity_special[chromium]",""
"passed","Sat Oct 10 00:17:58 UTC 2026","Sat Oct 10 00:17:58 UTC 2026","584","tests","test_02_home_validation","","","","test_footer_content[chromium]",""
"passed","Sat Oct 10 00:18:18 UTC 2026","Sat Oct 10 00:18:20 UTC 2026","1594","tests.loginsuite","test_08_excel_data_login_password","","","","test_excel_data[chromium-user_list113]",""
"passed","Sat Oct 10 00:17:27 UTC 2026","Sat Oct 10 00:17:29 UTC 2026","1587","tests.loginsuite","test_08_excel_data_login_password","","","","test_excel_data[chromium-user_list14]",""
"passed","Sat Oct 10 00:17:01 UTC 2026","Sat Oct 10 00:17:08 UTC 2026","6963","tests.loginsuite","test_08_excel_data_login_password","","","","test_excel_data[chromium-user_list10]",""
"passed","Sat Oct 10 00:19:57 UTC 2026","Sat Oct 10 00:19:57 UTC 2026","638","tests","test_02_home_validation","","","","test_order_history[chromium]",""
"passed","Sat Oct 10 00:18:26 UTC 2026","Sat Oct 10 00:18:27 UTC 2026","1121","tests.loginsuite","test_01_login_correct_login_password","","","","test_login[chromium-user_login0]",""
"passed","Sat Oct 10 00:19:26 UTC 2026","Sat Oct 10 00:19:26 UTC 2026","707","tests","test_05_order","","","","test_status_info[chromium]",""
"passed","Sat Oct 10 00:18:38 UTC 2026","Sat Oct 10 00:18:39 UTC 2026","828","tests.loginsuite","test_07_empty_login_empty_password","","","","test_correct_login_empty_password[chromium]",""
"passed","Sat Oct 10 00:17:59 UTC 2026","Sat Oct 10 00:18:03 UTC 2026","4506","tests","test_03","","","","test_various_sub_products[chromium]",""
"broken","Sat Oct 10 00:18:39 UTC 2026","Sat Oct 10 00:19:10 UTC 2026","30999","tests","test_05_order","","","","test_order_history[chromium]",""
"broken","Sat Oct 10 00:19:29 UTC 2026","Sat Oct 10 00:19:40 UTC 2026","10666","tests","test_05_order","","","","test_click_back[chromium]",""
"passed","Sat Oct 10 00:17:01 UTC 2026","Sat Oct 10 00:17:04 UTC 2026","3402","tests.loginsuite","test_09_forgot_login_name","","","","test_excel_data[chromium-user_list10]",""
"passed","Sat Oct 10 00:18:41 UTC 2026","Sat Oct 10 00:19:05 UTC 2026","24039","tests","test_02_home_validation","","","","test_product_each_brand[chromium]",""
"passed","Sat Oct 10 00:18:30 UTC 2026","Sat Oct 10 00:18:31 UTC 2026","614","tests.loginsuite","test_05_correct_login_empty_password","","","","test_correct_login_empty_password[chromium]",""
"passed","Sat Oct 10 00:17:42 UTC 2026","Sat Oct 10 00:17:44 UTC 2026","1942","tests","test_07_absolue_eye_special_product","","","","test_click_add_cart_absolue_eye[chromium]",""
"passed","Sat Oct 10 00:17:33 UTC 2026","Sat Oct 10 00:17:34 UTC 2026","1525","tests.loginsuite","test_08_excel_data_login_password","","","","test_excel_data[chromium-user_list15]",""
"passed","Sat Oct 10 00:19:14 UTC 2026","Sat Oct 10 00:19:15 UTC 2026","737","tests","test_05_order","","","","test_excel[chromium]",""
"passed","Sat Oct 10 00:17:42 UTC 2026","Sat Oct 10 00:17:50 UTC 2026","7698","tests.loginsuite","test_09_forgot_login_name","","","","test_excel_data[chromium-user_list14]",""
"passed","Sat Oct 10 00:17:55 UTC 2026","Sat Oct 10 00:17:56 UTC 2026","772","tests","test_07_absolue_eye_special_product","","","","test_click_lancome_brand[chromium]",""
"broken","Sat Oct 10 00:17:02 UTC 2026","Sat Oct 10 00:17:35 UTC 2026","32704","tests","test_05_order","","","","test_pop[chromium]",""
"passed","Sat Oct 10 00:18:06 UTC 2026","Sat Oct 10 00:18:07 UTC 2026","717","tests","test_08_replinishing_lip","","","","test_click_add_cart_absolue_eye[chromium]",""
"passed","Sat Oct 10 00:18:32 UTC 2026","Sat Oct 10 00:18:33 UTC 2026","953","tests.loginsuite","test_01_login_correct_login_password","","","","test_login[chromium-user_login1]",""
"passed","Sat Oct 10 00:17:01 UTC 2026","Sat Oct 10 00:17:03 UTC 2026","1086","tests","test_06_special_products","","","","test_special_products[chromium]",""
"passed","Sat Oct 10 00:17:25 UTC 2026","Sat Oct 10 00:17:28 UTC 2026","2910","tests","test_02_home_validation","","","","test_currency[chromium]",""
"passed","Sat Oct 10 00:18:48 UTC 2026","Sat Oct 10 00:18:50 UTC 2026","2279","tests.loginsuite","test_08_excel_data_login_password","","","","test_excel_data[chromium-user_list118]",""
"passed","Sat Oct 10 00:17:14 UTC 2026","Sat Oct 10 00:17:16 UTC 2026","1323","tests","test_02_home_validation","","","","test_home_breadcomb_accessories[chromium]",""
"broken","Sat Oct 10 00:17:35 UTC 2026","Sat Oct 10 00:17:39 UTC 2026","4490","tests","test_04_shopping","","","","test_update_quantity[chromium]",""
"passed","Sat Oct 10 00:18:13 UTC 2026","Sat Oct 10 00:18:13 UTC 2026","25","tests","test_08_replinishing_lip","","","","test_model_number_replinishing[chromium]",""
"passed","Sat Oct 10 00:17:18 UTC 2026","Sat Oct 10 00:17:19 UTC 2026","1233","tests","test_06_special_products","","","","test_click_Replenishing_LipColour[chromium]",""
"passed","Sat Oct 10 00:17:31 UTC 2026","Sat Oct 10 00:17:36 UTC 2026","5551","tests","test_07_absolue_eye_special_product","","","","test_input_quantity_special[chromium]",""
"broken","Sat Oct 10 00:17:44 UTC 2026","Sat Oct 10 00:17:46 UTC 2026","2076","tests","test_04_shopping","","","","test_total_calculation[chromium]",""
"passed","Sat Oct 10 00:18:30 UTC 2026","Sat Oct 10 00:18:31 UTC 2026","1623","tests.loginsuite","test_08_excel_data_login_password","","","","test_excel_data[chromium-user_list115]",""
"passed","Sat Oct 10 00:18:39 UTC 2026","Sat Oct 10 00:18:40 UTC 2026","739","tests.loginsuite","test_03_correct_login_incorrect_password","","","","test_correct_login_incorrect_password[chromium]",""
"passed","Sat Oct 10 00:17:22 UTC 2026","Sat Oct 10 00:17:24 UTC 2026","1565","tests.loginsuite","test_08_excel_data_login_password","","","","test_excel_data[chromium-user_list13]",""
"passed","Sat Oct 10 00:17:13 UTC 2026","Sat Oct 10 00:17:15 UTC 2026","1315","tests","test_06_special_products","","","","test_click_ck_one_Summer[chromium]",""
"passed","Sat Oct 10 00:17:39 UTC 2026","Sat Oct 10 00:17:41 UTC 2026","2531","tests","test_02_home_validation","","","","test_abante_page[chromium]",""
